N,P,T,X_ZN,component,internal_dof,vertex,NP,GM,MU,X,Y,Phase,NP(FCC_A1),NP(HCP_A3),NP(LIQUID)
1.0,101325.0,500.0,0.4,AL,0,0,0.6473966935183969,-18435.074163182573,-15844.548647638076,0.9218335790043238,0.9218335790043238,FCC_A1,,,
1.0,101325.0,500.0,0.4,AL,0,1,0.3526033064816031,-18435.074163182573,-15844.548647638076,0.009098011616448487,0.009098011616448487,HCP_A3,,,
1.0,101325.0,500.0,0.4,AL,0,2,,-18435.074163182573,-15844.548647638076,,,,,,
1.0,101325.0,500.0,0.4,AL,1,0,0.6473966935183969,-18435.074163182573,-15844.548647638076,0.9218335790043238,0.07816642099567621,FCC_A1,,,
1.0,101325.0,500.0,0.4,AL,1,1,0.3526033064816031,-18435.074163182573,-15844.548647638076,0.009098011616448487,0.9909019883835515,HCP_A3,,,
1.0,101325.0,500.0,0.4,AL,1,2,,-18435.074163182573,-15844.548647638076,,,,,,
1.0,101325.0,500.0,0.4,ZN,0,0,0.6473966935183969,-18435.074163182573,-22320.86242757112,0.07816642099567621,0.9218335790043238,FCC_A1,,,
1.0,101325.0,500.0,0.4,ZN,0,1,0.3526033064816031,-18435.074163182573,-22320.86242757112,0.9909019883835515,0.009098011616448487,HCP_A3,,,
1.0,101325.0,500.0,0.4,ZN,0,2,,-18435.074163182573,-22320.86242757112,,,,,,
1.0,101325.0,500.0,0.4,ZN,1,0,0.6473966935183969,-18435.074163182573,-22320.86242757112,0.07816642099567621,0.07816642099567621,FCC_A1,,,
1.0,101325.0,500.0,0.4,ZN,1,1,0.3526033064816031,-18435.074163182573,-22320.86242757112,0.9909019883835515,0.9909019883835515,HCP_A3,,,
1.0,101325.0,500.0,0.4,ZN,1,2,,-18435.074163182573,-22320.86242757112,,,,,,
1.0,101325.0,510.0,0.4,AL,0,0,0.6533147011539363,-18926.632143562743,-16290.521801613053,0.9129452414242643,0.9129452414242643,FCC_A1,,,
1.0,101325.0,510.0,0.4,AL,0,1,0.34668529884606375,-18926.632143562743,-16290.521801613053,0.010267099415069241,0.01026709941506924,HCP_A3,,,
1.0,101325.0,510.0,0.4,AL,0,2,,-18926.632143562743,-16290.521801613053,,,,,,
1.0,101325.0,510.0,0.4,AL,1,0,0.6533147011539363,-18926.632143562743,-16290.521801613053,0.9129452414242643,0.08705475857573576,FCC_A1,,,
1.0,101325.0,510.0,0.4,AL,1,1,0.34668529884606375,-18926.632143562743,-16290.521801613053,0.010267099415069241,0.9897329005849307,HCP_A3,,,
1.0,101325.0,510.0,0.4,AL,1,2,,-18926.632143562743,-16290.521801613053,,,,,,
1.0,101325.0,510.0,0.4,ZN,0,0,0.6533147011539363,-18926.632143562743,-22880.797590292146,0.08705475857573576,0.9129452414242643,FCC_A1,,,
1.0,101325.0,510.0,0.4,ZN,0,1,0.34668529884606375,-18926.632143562743,-22880.797590292146,0.9897329005849309,0.01026709941506924,HCP_A3,,,
1.0,101325.0,510.0,0.4,ZN,0,2,,-18926.632143562743,-22880.797590292146,,,,,,
1.0,101325.0,510.0,0.4,ZN,1,0,0.6533147011539363,-18926.632143562743,-22880.797590292146,0.08705475857573576,0.08705475857573576,FCC_A1,,,
1.0,101325.0,510.0,0.4,ZN,1,1,0.34668529884606375,-18926.632143562743,-22880.797590292146,0.9897329005849309,0.9897329005849307,HCP_A3,,,
1.0,101325.0,510.0,0.4,ZN,1,2,,-18926.632143562743,-22880.797590292146,,,,,,
1.0,101325.0,520.0,0.4,AL,0,0,0.6602508193428287,-19425.23745338322,-16744.2939632843,0.9028103550180313,0.9028103550180313,FCC_A1,,,
1.0,101325.0,520.0,0.4,AL,0,1,0.3397491806571713,-19425.23745338322,-16744.2939632843,0.011534165823656493,0.011534165823656493,HCP_A3,,,
1.0,101325.0,520.0,0.4,AL,0,2,,-19425.23745338322,-16744.2939632843,,,,,,
1.0,101325.0,520.0,0.4,AL,1,0,0.6602508193428287,-19425.23745338322,-16744.2939632843,0.9028103550180313,0.09718964498196869,FCC_A1,,,
1.0,101325.0,520.0,0.4,AL,1,1,0.3397491806571713,-19425.23745338322,-16744.2939632843,0.011534165823656493,0.9884658341763435,HCP_A3,,,
1.0,101325.0,520.0,0.4,AL,1,2,,-19425.23745338322,-16744.2939632843,,,,,,
1.0,101325.0,520.0,0.4,ZN,0,0,0.6602508193428287,-19425.23745338322,-23446.652625948627,0.09718964498196869,0.9028103550180313,FCC_A1,,,
1.0,101325.0,520.0,0.4,ZN,0,1,0.3397491806571713,-19425.23745338322,-23446.652625948627,0.9884658341763435,0.011534165823656493,HCP_A3,,,
1.0,101325.0,520.0,0.4,ZN,0,2,,-19425.23745338322,-23446.652625948627,,,,,,
1.0,101325.0,520.0,0.4,ZN,1,0,0.6602508193428287,-19425.23745338322,-23446.652625948627,0.09718964498196869,0.09718964498196869,FCC_A1,,,
1.0,101325.0,520.0,0.4,ZN,1,1,0.3397491806571713,-19425.23745338322,-23446.652625948627,0.9884658341763435,0.9884658341763435,HCP_A3,,,
1.0,101325.0,520.0,0.4,ZN,1,2,,-19425.23745338322,-23446.652625948627,,,,,,
1.0,101325.0,530.0,0.4,AL,0,0,0.6685639226560002,-19931.001731600372,-17206.089496089186,0.8910501055328329,0.8910501055328329,FCC_A1,,,
1.0,101325.0,530.0,0.4,AL,0,1,0.3314360773439999,-19931.001731600372,-17206.089496089186,0.012901571235662858,0.012901571235662854,HCP_A3,,,
1.0,101325.0,530.0,0.4,AL,0,2,,-19931.001731600372,-17206.089496089186,,,,,,
1.0,101325.0,530.0,0.4,AL,1,0,0.6685639226560002,-19931.001731600372,-17206.089496089186,0.8910501055328329,0.1089498944671671,FCC_A1,,,
1.0,101325.0,530.0,0.4,AL,1,1,0.3314360773439999,-19931.001731600372,-17206.089496089186,0.012901571235662858,0.9870984287643371,HCP_A3,,,
1.0,101325.0,530.0,0.4,AL,1,2,,-19931.001731600372,-17206.089496089186,,,,,,
1.0,101325.0,530.0,0.4,ZN,0,0,0.6685639226560002,-19931.001731600372,-24018.37003760044,0.1089498944671671,0.8910501055328329,FCC_A1,,,
1.0,101325.0,530.0,0.4,ZN,0,1,0.3314360773439999,-19931.001731600372,-24018.37003760044,0.9870984287643373,0.012901571235662854,HCP_A3,,,
1.0,101325.0,530.0,0.4,ZN,0,2,,-19931.001731600372,-24018.37003760044,,,,,,
1.0,101325.0,530.0,0.4,ZN,1,0,0.6685639226560002,-19931.001731600372,-24018.37003760044,0.1089498944671671,0.1089498944671671,FCC_A1,,,
1.0,101325.0,530.0,0.4,ZN,1,1,0.3314360773439999,-19931.001731600372,-24018.37003760044,0.9870984287643373,0.9870984287643371,HCP_A3,,,
1.0,101325.0,530.0,0.4,ZN,1,2,,-19931.001731600372,-24018.37003760044,,,,,,
1.0,101325.0,540.0,0.4,AL,0,0,0.6788604459129237,-20444.101679969182,-17676.24166014404,0.8770359342060499,0.8770359342060499,FCC_A1,,,
1.0,101325.0,540.0,0.4,AL,0,1,0.3211395540870761,-20444.101679969182,-17676.24166014404,0.014370682665789138,0.014370682665789138,HCP_A3,,,
1.0,101325.0,540.0,0.4,AL,0,2,,-20444.101679969182,-17676.24166014404,,,,,,
1.0,101325.0,540.0,0.4,AL,1,0,0.6788604459129237,-20444.101679969182,-17676.24166014404,0.8770359342060499,0.12296406579395018,FCC_A1,,,
1.0,101325.0,540.0,0.4,AL,1,1,0.3211395540870761,-20444.101679969182,-17676.24166014404,0.014370682665789138,0.9856293173342109,HCP_A3,,,
1.0,101325.0,540.0,0.4,AL,1,2,,-20444.101679969182,-17676.24166014404,,,,,,
1.0,101325.0,540.0,0.4,ZN,0,0,0.6788604459129237,-20444.101679969182,-24595.89165732813,0.12296406579395018,0.8770359342060499,FCC_A1,,,
1.0,101325.0,540.0,0.4,ZN,0,1,0.3211395540870761,-20444.101679969182,-24595.89165732813,0.9856293173342109,0.014370682665789138,HCP_A3,,,
1.0,101325.0,540.0,0.4,ZN,0,2,,-20444.101679969182,-24595.89165732813,,,,,,
1.0,101325.0,540.0,0.4,ZN,1,0,0.6788604459129237,-20444.101679969182,-24595.89165732813,0.12296406579395018,0.12296406579395018,FCC_A1,,,
1.0,101325.0,540.0,0.4,ZN,1,1,0.3211395540870761,-20444.101679969182,-24595.89165732813,0.9856293173342109,0.9856293173342109,HCP_A3,,,
1.0,101325.0,540.0,0.4,ZN,1,2,,-20444.101679969182,-24595.89165732813,,,,,,
1.0,101325.0,550.0,0.4,AL,0,0,0.6923140082835805,-20964.828069132782,-18155.276153172766,0.8595739648847316,0.8595739648847316,FCC_A1,,,
1.0,101325.0,550.0,0.4,AL,0,1,0.3076859917164196,-20964.828069132782,-18155.276153172766,0.015941261826948907,0.015941261826948907,HCP_A3,,,
1.0,101325.0,550.0,0.4,AL,0,2,,-20964.828069132782,-18155.276153172766,,,,,,
1.0,101325.0,550.0,0.4,AL,1,0,0.6923140082835805,-20964.828069132782,-18155.276153172766,0.8595739648847316,0.14042603511526852,FCC_A1,,,
1.0,101325.0,550.0,0.4,AL,1,1,0.3076859917164196,-20964.828069132782,-18155.276153172766,0.015941261826948907,0.9840587381730511,HCP_A3,,,
1.0,101325.0,550.0,0.4,AL,1,2,,-20964.828069132782,-18155.276153172766,,,,,,
1.0,101325.0,550.0,0.4,ZN,0,0,0.6923140082835805,-20964.828069132782,-25179.155891949602,0.14042603511526852,0.8595739648847316,FCC_A1,,,
1.0,101325.0,550.0,0.4,ZN,0,1,0.3076859917164196,-20964.828069132782,-25179.155891949602,0.9840587381730511,0.015941261826948907,HCP_A3,,,
1.0,101325.0,550.0,0.4,ZN,0,2,,-20964.828069132782,-25179.155891949602,,,,,,
1.0,101325.0,550.0,0.4,ZN,1,0,0.6923140082835805,-20964.828069132782,-25179.155891949602,0.14042603511526852,0.14042603511526852,FCC_A1,,,
1.0,101325.0,550.0,0.4,ZN,1,1,0.3076859917164196,-20964.828069132782,-25179.155891949602,0.9840587381730511,0.9840587381730511,HCP_A3,,,
1.0,101325.0,550.0,0.4,ZN,1,2,,-20964.828069132782,-25179.155891949602,,,,,,
1.0,101325.0,560.0,0.4,AL,0,0,0.5853324260320002,-21515.00087090867,-18630.1937351554,0.42488779639831775,0.42488779639831775,FCC_A1,,,
1.0,101325.0,560.0,0.4,AL,0,1,0.4146675739679998,-21515.00087090867,-18630.1937351554,0.8471831833415456,0.8471831833415454,FCC_A1,,,
1.0,101325.0,560.0,0.4,AL,0,2,,-21515.00087090867,-18630.1937351554,,,,,,
1.0,101325.0,560.0,0.4,AL,1,0,0.5853324260320002,-21515.00087090867,-18630.1937351554,0.42488779639831775,0.5751122036016822,FCC_A1,,,
1.0,101325.0,560.0,0.4,AL,1,1,0.4146675739679998,-21515.00087090867,-18630.1937351554,0.8471831833415456,0.1528168166584545,FCC_A1,,,
1.0,101325.0,560.0,0.4,AL,1,2,,-21515.00087090867,-18630.1937351554,,,,,,
1.0,101325.0,560.0,0.4,ZN,0,0,0.5853324260320002,-21515.00087090867,-25842.21157644532,0.5751122036016822,0.42488779639831775,FCC_A1,,,
1.0,101325.0,560.0,0.4,ZN,0,1,0.4146675739679998,-21515.00087090867,-25842.21157644532,0.15281681665845454,0.8471831833415454,FCC_A1,,,
1.0,101325.0,560.0,0.4,ZN,0,2,,-21515.00087090867,-25842.21157644532,,,,,,
1.0,101325.0,560.0,0.4,ZN,1,0,0.5853324260320002,-21515.00087090867,-25842.21157644532,0.5751122036016822,0.5751122036016822,FCC_A1,,,
1.0,101325.0,560.0,0.4,ZN,1,1,0.4146675739679998,-21515.00087090867,-25842.21157644532,0.15281681665845454,0.1528168166584545,FCC_A1,,,
1.0,101325.0,560.0,0.4,ZN,1,2,,-21515.00087090867,-25842.21157644532,,,,,,
1.0,101325.0,570.0,0.4,AL,0,0,0.5971105323939296,-22072.49333377474,-19110.938167596512,0.44229394847096387,0.44229394847096387,FCC_A1,,,
1.0,101325.0,570.0,0.4,AL,0,1,0.4028894676060704,-22072.49333377474,-19110.938167596512,0.8337314622536572,0.8337314622536572,FCC_A1,,,
1.0,101325.0,570.0,0.4,AL,0,2,,-22072.49333377474,-19110.938167596512,,,,,,
1.0,101325.0,570.0,0.4,AL,1,0,0.5971105323939296,-22072.49333377474,-19110.938167596512,0.44229394847096387,0.5577060515290361,FCC_A1,,,
1.0,101325.0,570.0,0.4,AL,1,1,0.4028894676060704,-22072.49333377474,-19110.938167596512,0.8337314622536572,0.1662685377463427,FCC_A1,,,
1.0,101325.0,570.0,0.4,AL,1,2,,-22072.49333377474,-19110.938167596512,,,,,,
1.0,101325.0,570.0,0.4,ZN,0,0,0.5971105323939296,-22072.49333377474,-26514.826071975283,0.5577060515290361,0.44229394847096387,FCC_A1,,,
1.0,101325.0,570.0,0.4,ZN,0,1,0.4028894676060704,-22072.49333377474,-26514.826071975283,0.1662685377463427,0.8337314622536572,FCC_A1,,,
1.0,101325.0,570.0,0.4,ZN,0,2,,-22072.49333377474,-26514.826071975283,,,,,,
1.0,101325.0,570.0,0.4,ZN,1,0,0.5971105323939296,-22072.49333377474,-26514.826071975283,0.5577060515290361,0.5577060515290361,FCC_A1,,,
1.0,101325.0,570.0,0.4,ZN,1,1,0.4028894676060704,-22072.49333377474,-26514.826071975283,0.1662685377463427,0.1662685377463427,FCC_A1,,,
1.0,101325.0,570.0,0.4,ZN,1,2,,-22072.49333377474,-26514.826071975283,,,,,,
1.0,101325.0,580.0,0.4,AL,0,0,0.6121253992233514,-22636.381907161252,-19597.96135625685,0.4615419940482302,0.4615419940482302,FCC_A1,,,
1.0,101325.0,580.0,0.4,AL,0,1,0.3878746007766487,-22636.381907161252,-19597.96135625685,0.8185078940437355,0.8185078940437353,FCC_A1,,,
1.0,101325.0,580.0,0.4,AL,0,2,,-22636.381907161252,-19597.96135625685,,,,,,
1.0,101325.0,580.0,0.4,AL,1,0,0.6121253992233514,-22636.381907161252,-19597.96135625685,0.4615419940482302,0.5384580059517697,FCC_A1,,,
1.0,101325.0,580.0,0.4,AL,1,1,0.3878746007766487,-22636.381907161252,-19597.96135625685,0.8185078940437355,0.18149210595626467,FCC_A1,,,
1.0,101325.0,580.0,0.4,AL,1,2,,-22636.381907161252,-19597.96135625685,,,,,,
1.0,101325.0,580.0,0.4,ZN,0,0,0.6121253992233514,-22636.381907161252,-27194.01273383171,0.5384580059517697,0.4615419940482302,FCC_A1,,,
1.0,101325.0,580.0,0.4,ZN,0,1,0.3878746007766487,-22636.381907161252,-27194.01273383171,0.1814921059562647,0.8185078940437353,FCC_A1,,,
1.0,101325.0,580.0,0.4,ZN,0,2,,-22636.381907161252,-27194.01273383171,,,,,,
1.0,101325.0,580.0,0.4,ZN,1,0,0.6121253992233514,-22636.381907161252,-27194.01273383171,0.5384580059517697,0.5384580059517697,FCC_A1,,,
1.0,101325.0,580.0,0.4,ZN,1,1,0.3878746007766487,-22636.381907161252,-27194.01273383171,0.1814921059562647,0.18149210595626467,FCC_A1,,,
1.0,101325.0,580.0,0.4,ZN,1,2,,-22636.381907161252,-27194.01273383171,,,,,,
1.0,101325.0,590.0,0.4,AL,0,0,0.6324530882659182,-23206.643767986356,-20091.23274965601,0.48324218154338366,0.48324218154338366,FCC_A1,,,
1.0,101325.0,590.0,0.4,AL,0,1,0.3675469117340818,-23206.643767986356,-20091.23274965601,0.8009099804795565,0.8009099804795565,FCC_A1,,,
1.0,101325.0,590.0,0.4,AL,0,2,,-23206.643767986356,-20091.23274965601,,,,,,
1.0,101325.0,590.0,0.4,AL,1,0,0.6324530882659182,-23206.643767986356,-20091.23274965601,0.48324218154338366,0.5167578184566163,FCC_A1,,,
1.0,101325.0,590.0,0.4,AL,1,1,0.3675469117340818,-23206.643767986356,-20091.23274965601,0.8009099804795565,0.1990900195204435,FCC_A1,,,
1.0,101325.0,590.0,0.4,AL,1,2,,-23206.643767986356,-20091.23274965601,,,,,,
1.0,101325.0,590.0,0.4,ZN,0,0,0.6324530882659182,-23206.643767986356,-27879.760285330496,0.5167578184566163,0.48324218154338366,FCC_A1,,,
1.0,101325.0,590.0,0.4,ZN,0,1,0.3675469117340818,-23206.643767986356,-27879.760285330496,0.1990900195204435,0.8009099804795565,FCC_A1,,,
1.0,101325.0,590.0,0.4,ZN,0,2,,-23206.643767986356,-27879.760285330496,,,,,,
1.0,101325.0,590.0,0.4,ZN,1,0,0.6324530882659182,-23206.643767986356,-27879.760285330496,0.5167578184566163,0.5167578184566163,FCC_A1,,,
1.0,101325.0,590.0,0.4,ZN,1,1,0.3675469117340818,-23206.643767986356,-27879.760285330496,0.1990900195204435,0.1990900195204435,FCC_A1,,,
1.0,101325.0,590.0,0.4,ZN,1,2,,-23206.643767986356,-27879.760285330496,,,,,,
1.0,101325.0,600.0,0.4,AL,0,0,0.6627454419392105,-23783.260485707156,-20590.725248926123,0.5084667959343822,0.5084667959343822,FCC_A1,,,
1.0,101325.0,600.0,0.4,AL,0,1,0.3372545580607895,-23783.260485707156,-20590.725248926123,0.7798736661372904,0.7798736661372904,FCC_A1,,,
1.0,101325.0,600.0,0.4,AL,0,2,,-23783.260485707156,-20590.725248926123,,,,,,
1.0,101325.0,600.0,0.4,AL,1,0,0.6627454419392105,-23783.260485707156,-20590.725248926123,0.5084667959343822,0.49153320406561785,FCC_A1,,,
1.0,101325.0,600.0,0.4,AL,1,1,0.3372545580607895,-23783.260485707156,-20590.725248926123,0.7798736661372904,0.22012633386270963,FCC_A1,,,
1.0,101325.0,600.0,0.4,AL,1,2,,-23783.260485707156,-20590.725248926123,,,,,,
1.0,101325.0,600.0,0.4,ZN,0,0,0.6627454419392105,-23783.260485707156,-28572.06333249242,0.49153320406561785,0.5084667959343822,FCC_A1,,,
1.0,101325.0,600.0,0.4,ZN,0,1,0.3372545580607895,-23783.260485707156,-28572.06333249242,0.22012633386270963,0.7798736661372904,FCC_A1,,,
1.0,101325.0,600.0,0.4,ZN,0,2,,-23783.260485707156,-28572.06333249242,,,,,,
1.0,101325.0,600.0,0.4,ZN,1,0,0.6627454419392105,-23783.260485707156,-28572.06333249242,0.49153320406561785,0.49153320406561785,FCC_A1,,,
1.0,101325.0,600.0,0.4,ZN,1,1,0.3372545580607895,-23783.260485707156,-28572.06333249242,0.22012633386270963,0.22012633386270963,FCC_A1,,,
1.0,101325.0,600.0,0.4,ZN,1,2,,-23783.260485707156,-28572.06333249242,,,,,,
1.0,101325.0,610.0,0.4,AL,0,0,0.7167716691830354,-24366.218080660525,-21096.415186761107,0.5394902434545451,0.5394902434545451,FCC_A1,,,
1.0,101325.0,610.0,0.4,AL,0,1,0.28322833081696447,-24366.218080660525,-21096.415186761107,0.7531332655621319,0.7531332655621319,FCC_A1,,,
1.0,101325.0,610.0,0.4,AL,0,2,,-24366.218080660525,-21096.415186761107,,,,,,
1.0,101325.0,610.0,0.4,AL,1,0,0.7167716691830354,-24366.218080660525,-21096.415186761107,0.5394902434545451,0.4605097565454549,FCC_A1,,,
1.0,101325.0,610.0,0.4,AL,1,1,0.28322833081696447,-24366.218080660525,-21096.415186761107,0.7531332655621319,0.2468667344378681,FCC_A1,,,
1.0,101325.0,610.0,0.4,AL,1,2,,-24366.218080660525,-21096.415186761107,,,,,,
1.0,101325.0,610.0,0.4,ZN,0,0,0.7167716691830354,-24366.218080660525,-29270.92241217301,0.4605097565454549,0.5394902434545451,FCC_A1,,,
1.0,101325.0,610.0,0.4,ZN,0,1,0.28322833081696447,-24366.218080660525,-29270.92241217301,0.2468667344378681,0.7531332655621319,FCC_A1,,,
1.0,101325.0,610.0,0.4,ZN,0,2,,-24366.218080660525,-29270.92241217301,,,,,,
1.0,101325.0,610.0,0.4,ZN,1,0,0.7167716691830354,-24366.218080660525,-29270.92241217301,0.4605097565454549,0.4605097565454549,FCC_A1,,,
1.0,101325.0,610.0,0.4,ZN,1,1,0.28322833081696447,-24366.218080660525,-29270.92241217301,0.2468667344378681,0.2468667344378681,FCC_A1,,,
1.0,101325.0,610.0,0.4,ZN,1,2,,-24366.218080660525,-29270.92241217301,,,,,,
1.0,101325.0,620.0,0.4,AL,0,0,0.873908193111833,-24955.507101475803,-21608.282429423234,0.5836429899164997,0.5836429899164997,FCC_A1,,,
1.0,101325.0,620.0,0.4,AL,0,1,0.126091806888167,-24955.507101475803,-21608.282429423234,0.7133660106834996,0.7133660106834996,FCC_A1,,,
1.0,101325.0,620.0,0.4,AL,0,2,,-24955.507101475803,-21608.282429423234,,,,,,
1.0,101325.0,620.0,0.4,AL,1,0,0.873908193111833,-24955.507101475803,-21608.282429423234,0.5836429899164997,0.4163570100835004,FCC_A1,,,
1.0,101325.0,620.0,0.4,AL,1,1,0.126091806888167,-24955.507101475803,-21608.282429423234,0.7133660106834996,0.28663398931650047,FCC_A1,,,
1.0,101325.0,620.0,0.4,AL,1,2,,-24955.507101475803,-21608.282429423234,,,,,,
1.0,101325.0,620.0,0.4,ZN,0,0,0.873908193111833,-24955.507101475803,-29976.34406097565,0.4163570100835004,0.5836429899164997,FCC_A1,,,
1.0,101325.0,620.0,0.4,ZN,0,1,0.126091806888167,-24955.507101475803,-29976.34406097565,0.28663398931650047,0.7133660106834996,FCC_A1,,,
1.0,101325.0,620.0,0.4,ZN,0,2,,-24955.507101475803,-29976.34406097565,,,,,,
1.0,101325.0,620.0,0.4,ZN,1,0,0.873908193111833,-24955.507101475803,-29976.34406097565,0.4163570100835004,0.4163570100835004,FCC_A1,,,
1.0,101325.0,620.0,0.4,ZN,1,1,0.126091806888167,-24955.507101475803,-29976.34406097565,0.28663398931650047,0.28663398931650047,FCC_A1,,,
1.0,101325.0,620.0,0.4,ZN,1,2,,-24955.507101475803,-29976.34406097565,,,,,,
1.0,101325.0,630.0,0.4,AL,0,0,1.0,-25550.62324786852,-22132.658271194443,0.6000000000000001,0.6,FCC_A1,,,
1.0,101325.0,630.0,0.4,AL,0,1,,-25550.62324786852,-22132.658271194443,,,,,,
1.0,101325.0,630.0,0.4,AL,0,2,,-25550.62324786852,-22132.658271194443,,,,,,
1.0,101325.0,630.0,0.4,AL,1,0,1.0,-25550.62324786852,-22132.658271194443,0.6000000000000001,0.3999999999999999,FCC_A1,,,
1.0,101325.0,630.0,0.4,AL,1,1,,-25550.62324786852,-22132.658271194443,,,,,,
1.0,101325.0,630.0,0.4,AL,1,2,,-25550.62324786852,-22132.658271194443,,,,,,
1.0,101325.0,630.0,0.4,ZN,0,0,1.0,-25550.62324786852,-30677.570712879624,0.4,0.6,FCC_A1,,,
1.0,101325.0,630.0,0.4,ZN,0,1,,-25550.62324786852,-30677.570712879624,,,,,,
1.0,101325.0,630.0,0.4,ZN,0,2,,-25550.62324786852,-30677.570712879624,,,,,,
1.0,101325.0,630.0,0.4,ZN,1,0,1.0,-25550.62324786852,-30677.570712879624,0.4,0.3999999999999999,FCC_A1,,,
1.0,101325.0,630.0,0.4,ZN,1,1,,-25550.62324786852,-30677.570712879624,,,,,,
1.0,101325.0,630.0,0.4,ZN,1,2,,-25550.62324786852,-30677.570712879624,,,,,,
1.0,101325.0,640.0,0.4,AL,0,0,1.0,-26150.33537667131,-22663.81595723115,0.6000000000000001,0.6,FCC_A1,,,
1.0,101325.0,640.0,0.4,AL,0,1,,-26150.33537667131,-22663.81595723115,,,,,,
1.0,101325.0,640.0,0.4,AL,0,2,,-26150.33537667131,-22663.81595723115,,,,,,
1.0,101325.0,640.0,0.4,AL,1,0,1.0,-26150.33537667131,-22663.81595723115,0.6000000000000001,0.3999999999999999,FCC_A1,,,
1.0,101325.0,640.0,0.4,AL,1,1,,-26150.33537667131,-22663.81595723115,,,,,,
1.0,101325.0,640.0,0.4,AL,1,2,,-26150.33537667131,-22663.81595723115,,,,,,
1.0,101325.0,640.0,0.4,ZN,0,0,1.0,-26150.33537667131,-31380.114505831545,0.4,0.6,FCC_A1,,,
1.0,101325.0,640.0,0.4,ZN,0,1,,-26150.33537667131,-31380.114505831545,,,,,,
1.0,101325.0,640.0,0.4,ZN,0,2,,-26150.33537667131,-31380.114505831545,,,,,,
1.0,101325.0,640.0,0.4,ZN,1,0,1.0,-26150.33537667131,-31380.114505831545,0.4,0.3999999999999999,FCC_A1,,,
1.0,101325.0,640.0,0.4,ZN,1,1,,-26150.33537667131,-31380.114505831545,,,,,,
1.0,101325.0,640.0,0.4,ZN,1,2,,-26150.33537667131,-31380.114505831545,,,,,,
1.0,101325.0,650.0,0.4,AL,0,0,1.0,-26754.53912494706,-23199.438587067394,0.6000000000000001,0.6,FCC_A1,,,
1.0,101325.0,650.0,0.4,AL,0,1,,-26754.53912494706,-23199.438587067394,,,,,,
1.0,101325.0,650.0,0.4,AL,0,2,,-26754.53912494706,-23199.438587067394,,,,,,
1.0,101325.0,650.0,0.4,AL,1,0,1.0,-26754.53912494706,-23199.438587067394,0.6000000000000001,0.3999999999999999,FCC_A1,,,
1.0,101325.0,650.0,0.4,AL,1,1,,-26754.53912494706,-23199.438587067394,,,,,,
1.0,101325.0,650.0,0.4,AL,1,2,,-26754.53912494706,-23199.438587067394,,,,,,
1.0,101325.0,650.0,0.4,ZN,0,0,1.0,-26754.53912494706,-32087.189931766545,0.4,0.6,FCC_A1,,,
1.0,101325.0,650.0,0.4,ZN,0,1,,-26754.53912494706,-32087.189931766545,,,,,,
1.0,101325.0,650.0,0.4,ZN,0,2,,-26754.53912494706,-32087.189931766545,,,,,,
1.0,101325.0,650.0,0.4,ZN,1,0,1.0,-26754.53912494706,-32087.189931766545,0.4,0.3999999999999999,FCC_A1,,,
1.0,101325.0,650.0,0.4,ZN,1,1,,-26754.53912494706,-32087.189931766545,,,,,,
1.0,101325.0,650.0,0.4,ZN,1,2,,-26754.53912494706,-32087.189931766545,,,,,,
1.0,101325.0,660.0,0.4,AL,0,0,1.0,-27363.184288552555,-23739.475414714107,0.6000000000000001,0.6,FCC_A1,,,
1.0,101325.0,660.0,0.4,AL,0,1,,-27363.184288552555,-23739.475414714107,,,,,,
1.0,101325.0,660.0,0.4,AL,0,2,,-27363.184288552555,-23739.475414714107,,,,,,
1.0,101325.0,660.0,0.4,AL,1,0,1.0,-27363.184288552555,-23739.475414714107,0.6000000000000001,0.3999999999999999,FCC_A1,,,
1.0,101325.0,660.0,0.4,AL,1,1,,-27363.184288552555,-23739.475414714107,,,,,,
1.0,101325.0,660.0,0.4,AL,1,2,,-27363.184288552555,-23739.475414714107,,,,,,
1.0,101325.0,660.0,0.4,ZN,0,0,1.0,-27363.184288552555,-32798.74759931022,0.4,0.6,FCC_A1,,,
1.0,101325.0,660.0,0.4,ZN,0,1,,-27363.184288552555,-32798.74759931022,,,,,,
1.0,101325.0,660.0,0.4,ZN,0,2,,-27363.184288552555,-32798.74759931022,,,,,,
1.0,101325.0,660.0,0.4,ZN,1,0,1.0,-27363.184288552555,-32798.74759931022,0.4,0.3999999999999999,FCC_A1,,,
1.0,101325.0,660.0,0.4,ZN,1,1,,-27363.184288552555,-32798.74759931022,,,,,,
1.0,101325.0,660.0,0.4,ZN,1,2,,-27363.184288552555,-32798.74759931022,,,,,,
1.0,101325.0,670.0,0.4,AL,0,0,1.0,-27976.22232729576,-24283.87731616552,0.6000000000000001,0.6,FCC_A1,,,
1.0,101325.0,670.0,0.4,AL,0,1,,-27976.22232729576,-24283.87731616552,,,,,,
1.0,101325.0,670.0,0.4,AL,0,2,,-27976.22232729576,-24283.87731616552,,,,,,
1.0,101325.0,670.0,0.4,AL,1,0,1.0,-27976.22232729576,-24283.87731616552,0.6000000000000001,0.3999999999999999,FCC_A1,,,
1.0,101325.0,670.0,0.4,AL,1,1,,-27976.22232729576,-24283.87731616552,,,,,,
1.0,101325.0,670.0,0.4,AL,1,2,,-27976.22232729576,-24283.87731616552,,,,,,
1.0,101325.0,670.0,0.4,ZN,0,0,1.0,-27976.22232729576,-33514.73984399111,0.4,0.6,FCC_A1,,,
1.0,101325.0,670.0,0.4,ZN,0,1,,-27976.22232729576,-33514.73984399111,,,,,,
1.0,101325.0,670.0,0.4,ZN,0,2,,-27976.22232729576,-33514.73984399111,,,,,,
1.0,101325.0,670.0,0.4,ZN,1,0,1.0,-27976.22232729576,-33514.73984399111,0.4,0.3999999999999999,FCC_A1,,,
1.0,101325.0,670.0,0.4,ZN,1,1,,-27976.22232729576,-33514.73984399111,,,,,,
1.0,101325.0,670.0,0.4,ZN,1,2,,-27976.22232729576,-33514.73984399111,,,,,,
1.0,101325.0,680.0,0.4,AL,0,0,1.0,-28593.606293065674,-24832.596721172937,0.6000000000000001,0.6,FCC_A1,,,
1.0,101325.0,680.0,0.4,AL,0,1,,-28593.606293065674,-24832.596721172937,,,,,,
1.0,101325.0,680.0,0.4,AL,0,2,,-28593.606293065674,-24832.596721172937,,,,,,
1.0,101325.0,680.0,0.4,AL,1,0,1.0,-28593.606293065674,-24832.596721172937,0.6000000000000001,0.3999999999999999,FCC_A1,,,
1.0,101325.0,680.0,0.4,AL,1,1,,-28593.606293065674,-24832.596721172937,,,,,,
1.0,101325.0,680.0,0.4,AL,1,2,,-28593.606293065674,-24832.596721172937,,,,,,
1.0,101325.0,680.0,0.4,ZN,0,0,1.0,-28593.606293065674,-34235.12065090477,0.4,0.6,FCC_A1,,,
1.0,101325.0,680.0,0.4,ZN,0,1,,-28593.606293065674,-34235.12065090477,,,,,,
1.0,101325.0,680.0,0.4,ZN,0,2,,-28593.606293065674,-34235.12065090477,,,,,,
1.0,101325.0,680.0,0.4,ZN,1,0,1.0,-28593.606293065674,-34235.12065090477,0.4,0.3999999999999999,FCC_A1,,,
1.0,101325.0,680.0,0.4,ZN,1,1,,-28593.606293065674,-34235.12065090477,,,,,,
1.0,101325.0,680.0,0.4,ZN,1,2,,-28593.606293065674,-34235.12065090477,,,,,,
1.0,101325.0,690.0,0.4,AL,0,0,1.0,-29215.290762000473,-25385.58754871522,0.6000000000000001,0.6,FCC_A1,,,
1.0,101325.0,690.0,0.4,AL,0,1,,-29215.290762000473,-25385.58754871522,,,,,,
1.0,101325.0,690.0,0.4,AL,0,2,,-29215.290762000473,-25385.58754871522,,,,,,
1.0,101325.0,690.0,0.4,AL,1,0,1.0,-29215.290762000473,-25385.58754871522,0.6000000000000001,0.3999999999999999,FCC_A1,,,
1.0,101325.0,690.0,0.4,AL,1,1,,-29215.290762000473,-25385.58754871522,,,,,,
1.0,101325.0,690.0,0.4,AL,1,2,,-29215.290762000473,-25385.58754871522,,,,,,
1.0,101325.0,690.0,0.4,ZN,0,0,1.0,-29215.290762000473,-34959.84558192835,0.4,0.6,FCC_A1,,,
1.0,101325.0,690.0,0.4,ZN,0,1,,-29215.290762000473,-34959.84558192835,,,,,,
1.0,101325.0,690.0,0.4,ZN,0,2,,-29215.290762000473,-34959.84558192835,,,,,,
1.0,101325.0,690.0,0.4,ZN,1,0,1.0,-29215.290762000473,-34959.84558192835,0.4,0.3999999999999999,FCC_A1,,,
1.0,101325.0,690.0,0.4,ZN,1,1,,-29215.290762000473,-34959.84558192835,,,,,,
1.0,101325.0,690.0,0.4,ZN,1,2,,-29215.290762000473,-34959.84558192835,,,,,,
1.0,101325.0,700.0,0.4,AL,0,0,1.0,-29841.25026689173,-25942.80180517703,0.6000000000000001,0.6,FCC_A1,,,
1.0,101325.0,700.0,0.4,AL,0,1,,-29841.25026689173,-25942.80180517703,,,,,,
1.0,101325.0,700.0,0.4,AL,0,2,,-29841.25026689173,-25942.80180517703,,,,,,
1.0,101325.0,700.0,0.4,AL,1,0,1.0,-29841.25026689173,-25942.80180517703,0.6000000000000001,0.3999999999999999,FCC_A1,,,
1.0,101325.0,700.0,0.4,AL,1,1,,-29841.25026689173,-25942.80180517703,,,,,,
1.0,101325.0,700.0,0.4,AL,1,2,,-29841.25026689173,-25942.80180517703,,,,,,
1.0,101325.0,700.0,0.4,ZN,0,0,1.0,-29841.25026689173,-35688.922959463765,0.4,0.6,FCC_A1,,,
1.0,101325.0,700.0,0.4,ZN,0,1,,-29841.25026689173,-35688.922959463765,,,,,,
1.0,101325.0,700.0,0.4,ZN,0,2,,-29841.25026689173,-35688.922959463765,,,,,,
1.0,101325.0,700.0,0.4,ZN,1,0,1.0,-29841.25026689173,-35688.922959463765,0.4,0.3999999999999999,FCC_A1,,,
1.0,101325.0,700.0,0.4,ZN,1,1,,-29841.25026689173,-35688.922959463765,,,,,,
1.0,101325.0,700.0,0.4,ZN,1,2,,-29841.25026689173,-35688.922959463765,,,,,,
1.0,101325.0,710.0,0.4,AL,0,0,1.0,-30471.409362682585,-26504.202923594014,0.6000000000000001,0.6,FCC_A1,,,
1.0,101325.0,710.0,0.4,AL,0,1,,-30471.409362682585,-26504.202923594014,,,,,,
1.0,101325.0,710.0,0.4,AL,0,2,,-30471.409362682585,-26504.202923594014,,,,,,
1.0,101325.0,710.0,0.4,AL,1,0,1.0,-30471.409362682585,-26504.202923594014,0.6000000000000001,0.3999999999999999,FCC_A1,,,
1.0,101325.0,710.0,0.4,AL,1,1,,-30471.409362682585,-26504.202923594014,,,,,,
1.0,101325.0,710.0,0.4,AL,1,2,,-30471.409362682585,-26504.202923594014,,,,,,
1.0,101325.0,710.0,0.4,ZN,0,0,1.0,-30471.409362682585,-36422.21902131544,0.4,0.6,FCC_A1,,,
1.0,101325.0,710.0,0.4,ZN,0,1,,-30471.409362682585,-36422.21902131544,,,,,,
1.0,101325.0,710.0,0.4,ZN,0,2,,-30471.409362682585,-36422.21902131544,,,,,,
1.0,101325.0,710.0,0.4,ZN,1,0,1.0,-30471.409362682585,-36422.21902131544,0.4,0.3999999999999999,FCC_A1,,,
1.0,101325.0,710.0,0.4,ZN,1,1,,-30471.409362682585,-36422.21902131544,,,,,,
1.0,101325.0,710.0,0.4,ZN,1,2,,-30471.409362682585,-36422.21902131544,,,,,,
1.0,101325.0,720.0,0.4,AL,0,0,0.9696208433372201,-31105.99896338122,-27050.85856590543,0.6105182356220279,0.6105182356220279,FCC_A1,,,
1.0,101325.0,720.0,0.4,AL,0,1,0.030379156662779995,-31105.99896338122,-27050.85856590543,0.26428625332240957,0.26428625332240957,LIQUID,,,
1.0,101325.0,720.0,0.4,AL,0,2,,-31105.99896338122,-27050.85856590543,,,,,,
1.0,101325.0,720.0,0.4,AL,1,0,0.9696208433372201,-31105.99896338122,-27050.85856590543,0.6105182356220279,0.3894817643779721,FCC_A1,,,
1.0,101325.0,720.0,0.4,AL,1,1,0.030379156662779995,-31105.99896338122,-27050.85856590543,0.26428625332240957,0.7357137466775904,LIQUID,,,
1.0,101325.0,720.0,0.4,AL,1,2,,-31105.99896338122,-27050.85856590543,,,,,,
1.0,101325.0,720.0,0.4,ZN,0,0,0.9696208433372201,-31105.99896338122,-37188.70926830992,0.3894817643779721,0.6105182356220279,FCC_A1,,,
1.0,101325.0,720.0,0.4,ZN,0,1,0.030379156662779995,-31105.99896338122,-37188.70926830992,0.7357137466775904,0.26428625332240957,LIQUID,,,
1.0,101325.0,720.0,0.4,ZN,0,2,,-31105.99896338122,-37188.70926830992,,,,,,
1.0,101325.0,720.0,0.4,ZN,1,0,0.9696208433372201,-31105.99896338122,-37188.70926830992,0.3894817643779721,0.3894817643779721,FCC_A1,,,
1.0,101325.0,720.0,0.4,ZN,1,1,0.030379156662779995,-31105.99896338122,-37188.70926830992,0.7357137466775904,0.7357137466775904,LIQUID,,,
1.0,101325.0,720.0,0.4,ZN,1,2,,-31105.99896338122,-37188.70926830992,,,,,,
1.0,101325.0,730.0,0.4,AL,0,0,0.8324699130706679,-31753.599483611513,-27527.354589146325,0.6618793506407028,0.6618793506407028,FCC_A1,,,
1.0,101325.0,730.0,0.4,AL,0,1,0.1675300869293321,-31753.599483611513,-27527.354589146325,0.29251673778150306,0.292516737781503,LIQUID,,,
1.0,101325.0,730.0,0.4,AL,0,2,,-31753.599483611513,-27527.354589146325,,,,,,
1.0,101325.0,730.0,0.4,AL,1,0,0.8324699130706679,-31753.599483611513,-27527.354589146325,0.6618793506407028,0.33812064935929714,FCC_A1,,,
1.0,101325.0,730.0,0.4,AL,1,1,0.1675300869293321,-31753.599483611513,-27527.354589146325,0.29251673778150306,0.7074832622184969,LIQUID,,,
1.0,101325.0,730.0,0.4,AL,1,2,,-31753.599483611513,-27527.354589146325,,,,,,
1.0,101325.0,730.0,0.4,ZN,0,0,0.8324699130706679,-31753.599483611513,-38092.96680394707,0.33812064935929714,0.6618793506407028,FCC_A1,,,
1.0,101325.0,730.0,0.4,ZN,0,1,0.1675300869293321,-31753.599483611513,-38092.96680394707,0.707483262218497,0.292516737781503,LIQUID,,,
1.0,101325.0,730.0,0.4,ZN,0,2,,-31753.599483611513,-38092.96680394707,,,,,,
1.0,101325.0,730.0,0.4,ZN,1,0,0.8324699130706679,-31753.599483611513,-38092.96680394707,0.33812064935929714,0.33812064935929714,FCC_A1,,,
1.0,101325.0,730.0,0.4,ZN,1,1,0.1675300869293321,-31753.599483611513,-38092.96680394707,0.707483262218497,0.7074832622184969,LIQUID,,,
1.0,101325.0,730.0,0.4,ZN,1,2,,-31753.599483611513,-38092.96680394707,,,,,,
1.0,101325.0,740.0,0.4,AL,0,0,0.7321685398353632,-32415.9570971085,-28017.52234497768,0.7014684848634071,0.7014684848634071,FCC_A1,,,
1.0,101325.0,740.0,0.4,AL,0,1,0.2678314601646369,-32415.9570971085,-28017.52234497768,0.32261648293266315,0.32261648293266315,LIQUID,,,
1.0,101325.0,740.0,0.4,AL,0,2,,-32415.9570971085,-28017.52234497768,,,,,,
1.0,101325.0,740.0,0.4,AL,1,0,0.7321685398353632,-32415.9570971085,-28017.52234497768,0.7014684848634071,0.298531515136593,FCC_A1,,,
1.0,101325.0,740.0,0.4,AL,1,1,0.2678314601646369,-32415.9570971085,-28017.52234497768,0.32261648293266315,0.6773835170673368,LIQUID,,,
1.0,101325.0,740.0,0.4,AL,1,2,,-32415.9570971085,-28017.52234497768,,,,,,
1.0,101325.0,740.0,0.4,ZN,0,0,0.7321685398353632,-32415.9570971085,-39013.60921414298,0.298531515136593,0.7014684848634071,FCC_A1,,,
1.0,101325.0,740.0,0.4,ZN,0,1,0.2678314601646369,-32415.9570971085,-39013.60921414298,0.6773835170673368,0.32261648293266315,LIQUID,,,
1.0,101325.0,740.0,0.4,ZN,0,2,,-32415.9570971085,-39013.60921414298,,,,,,
1.0,101325.0,740.0,0.4,ZN,1,0,0.7321685398353632,-32415.9570971085,-39013.60921414298,0.298531515136593,0.298531515136593,FCC_A1,,,
1.0,101325.0,740.0,0.4,ZN,1,1,0.2678314601646369,-32415.9570971085,-39013.60921414298,0.6773835170673368,0.6773835170673368,LIQUID,,,
1.0,101325.0,740.0,0.4,ZN,1,2,,-32415.9570971085,-39013.60921414298,,,,,,
1.0,101325.0,750.0,0.4,AL,0,0,0.6502327853568115,-33091.12327093707,-28515.69888771329,0.7317786208545305,0.7317786208545304,FCC_A1,,,
1.0,101325.0,750.0,0.4,AL,0,1,0.34976721464318855,-33091.12327093707,-28515.69888771329,0.35501769147767065,0.35501769147767065,LIQUID,,,
1.0,101325.0,750.0,0.4,AL,0,2,,-33091.12327093707,-28515.69888771329,,,,,,
1.0,101325.0,750.0,0.4,AL,1,0,0.6502327853568115,-33091.12327093707,-28515.69888771329,0.7317786208545305,0.2682213791454695,FCC_A1,,,
1.0,101325.0,750.0,0.4,AL,1,1,0.34976721464318855,-33091.12327093707,-28515.69888771329,0.35501769147767065,0.6449823085223293,LIQUID,,,
1.0,101325.0,750.0,0.4,AL,1,2,,-33091.12327093707,-28515.69888771329,,,,,,
1.0,101325.0,750.0,0.4,ZN,0,0,0.6502327853568115,-33091.12327093707,-39954.259844430264,0.26822137914546956,0.7317786208545304,FCC_A1,,,
1.0,101325.0,750.0,0.4,ZN,0,1,0.34976721464318855,-33091.12327093707,-39954.259844430264,0.6449823085223293,0.35501769147767065,LIQUID,,,
1.0,101325.0,750.0,0.4,ZN,0,2,,-33091.12327093707,-39954.259844430264,,,,,,
1.0,101325.0,750.0,0.4,ZN,1,0,0.6502327853568115,-33091.12327093707,-39954.259844430264,0.26822137914546956,0.2682213791454695,FCC_A1,,,
1.0,101325.0,750.0,0.4,ZN,1,1,0.34976721464318855,-33091.12327093707,-39954.259844430264,0.6449823085223293,0.6449823085223293,LIQUID,,,
1.0,101325.0,750.0,0.4,ZN,1,2,,-33091.12327093707,-39954.259844430264,,,,,,
1.0,101325.0,760.0,0.4,AL,0,0,0.5734933157864922,-33778.688179246965,-29018.695666963296,0.7562334138673604,0.7562334138673604,FCC_A1,,,
1.0,101325.0,760.0,0.4,AL,0,1,0.4265066842135078,-33778.688179246965,-29018.695666963296,0.38992399914983705,0.38992399914983705,LIQUID,,,
1.0,101325.0,760.0,0.4,AL,0,2,,-33778.688179246965,-29018.695666963296,,,,,,
1.0,101325.0,760.0,0.4,AL,1,0,0.5734933157864922,-33778.688179246965,-29018.695666963296,0.7562334138673604,0.24376658613263955,FCC_A1,,,
1.0,101325.0,760.0,0.4,AL,1,1,0.4265066842135078,-33778.688179246965,-29018.695666963296,0.38992399914983705,0.6100760008501629,LIQUID,,,
1.0,101325.0,760.0,0.4,AL,1,2,,-33778.688179246965,-29018.695666963296,,,,,,
1.0,101325.0,760.0,0.4,ZN,0,0,0.5734933157864922,-33778.688179246965,-40918.676942454884,0.24376658613263955,0.7562334138673604,FCC_A1,,,
1.0,101325.0,760.0,0.4,ZN,0,1,0.4265066842135078,-33778.688179246965,-40918.676942454884,0.6100760008501629,0.38992399914983705,LIQUID,,,
1.0,101325.0,760.0,0.4,ZN,0,2,,-33778.688179246965,-40918.676942454884,,,,,,
1.0,101325.0,760.0,0.4,ZN,1,0,0.5734933157864922,-33778.688179246965,-40918.676942454884,0.24376658613263955,0.24376658613263955,FCC_A1,,,
1.0,101325.0,760.0,0.4,ZN,1,1,0.4265066842135078,-33778.688179246965,-40918.676942454884,0.6100760008501629,0.6100760008501629,LIQUID,,,
1.0,101325.0,760.0,0.4,ZN,1,2,,-33778.688179246965,-40918.676942454884,,,,,,
1.0,101325.0,770.0,0.4,AL,0,0,0.49378849494414406,-34479.205275609536,-29524.65970341739,0.7770664232615135,0.7770664232615135,FCC_A1,,,
1.0,101325.0,770.0,0.4,AL,0,1,0.5062115050558559,-34479.205275609536,-29524.65970341739,0.42727898956424193,0.42727898956424193,LIQUID,,,
1.0,101325.0,770.0,0.4,AL,0,2,,-34479.205275609536,-29524.65970341739,,,,,,
1.0,101325.0,770.0,0.4,AL,1,0,0.49378849494414406,-34479.205275609536,-29524.65970341739,0.7770664232615135,0.22293357673848652,FCC_A1,,,
1.0,101325.0,770.0,0.4,AL,1,1,0.5062115050558559,-34479.205275609536,-29524.65970341739,0.42727898956424193,0.5727210104357581,LIQUID,,,
1.0,101325.0,770.0,0.4,AL,1,2,,-34479.205275609536,-29524.65970341739,,,,,,
1.0,101325.0,770.0,0.4,ZN,0,0,0.49378849494414406,-34479.205275609536,-41911.02363225248,0.22293357673848652,0.7770664232615135,FCC_A1,,,
1.0,101325.0,770.0,0.4,ZN,0,1,0.5062115050558559,-34479.205275609536,-41911.02363225248,0.5727210104357581,0.42727898956424193,LIQUID,,,
1.0,101325.0,770.0,0.4,ZN,0,2,,-34479.205275609536,-41911.02363225248,,,,,,
1.0,101325.0,770.0,0.4,ZN,1,0,0.49378849494414406,-34479.205275609536,-41911.02363225248,0.22293357673848652,0.22293357673848652,FCC_A1,,,
1.0,101325.0,770.0,0.4,ZN,1,1,0.5062115050558559,-34479.205275609536,-41911.02363225248,0.5727210104357581,0.5727210104357581,LIQUID,,,
1.0,101325.0,770.0,0.4,ZN,1,2,,-34479.205275609536,-41911.02363225248,,,,,,
1.0,101325.0,780.0,0.4,AL,0,0,0.40519670597402263,-35193.89194290613,-30032.399440921756,0.7956004880304283,0.795600488030428,FCC_A1,,,
1.0,101325.0,780.0,0.4,AL,0,1,0.5948032940259774,-35193.89194290613,-30032.399440921756,0.4667514550896319,0.4667514550896319,LIQUID,,,
1.0,101325.0,780.0,0.4,AL,0,2,,-35193.89194290613,-30032.399440921756,,,,,,
1.0,101325.0,780.0,0.4,AL,1,0,0.40519670597402263,-35193.89194290613,-30032.399440921756,0.7956004880304283,0.20439951196957187,FCC_A1,,,
1.0,101325.0,780.0,0.4,AL,1,1,0.5948032940259774,-35193.89194290613,-30032.399440921756,0.4667514550896319,0.5332485449103681,LIQUID,,,
1.0,101325.0,780.0,0.4,AL,1,2,,-35193.89194290613,-30032.399440921756,,,,,,
1.0,101325.0,780.0,0.4,ZN,0,0,0.40519670597402263,-35193.89194290613,-42936.130700675494,0.20439951196957193,0.795600488030428,FCC_A1,,,
1.0,101325.0,780.0,0.4,ZN,0,1,0.5948032940259774,-35193.89194290613,-42936.130700675494,0.5332485449103681,0.4667514550896319,LIQUID,,,
1.0,101325.0,780.0,0.4,ZN,0,2,,-35193.89194290613,-42936.130700675494,,,,,,
1.0,101325.0,780.0,0.4,ZN,1,0,0.40519670597402263,-35193.89194290613,-42936.130700675494,0.20439951196957193,0.20439951196957187,FCC_A1,,,
1.0,101325.0,780.0,0.4,ZN,1,1,0.5948032940259774,-35193.89194290613,-42936.130700675494,0.5332485449103681,0.5332485449103681,LIQUID,,,
1.0,101325.0,780.0,0.4,ZN,1,2,,-35193.89194290613,-42936.130700675494,,,,,,
1.0,101325.0,790.0,0.4,AL,0,0,0.3025668215864216,-35924.52607338394,-30541.093656465928,0.8126286800362559,0.8126286800362559,FCC_A1,,,
1.0,101325.0,790.0,0.4,AL,0,1,0.6974331784135784,-35924.52607338394,-30541.093656465928,0.5077554869943958,0.5077554869943958,LIQUID,,,
1.0,101325.0,790.0,0.4,AL,0,2,,-35924.52607338394,-30541.093656465928,,,,,,
1.0,101325.0,790.0,0.4,AL,1,0,0.3025668215864216,-35924.52607338394,-30541.093656465928,0.8126286800362559,0.18737131996374415,FCC_A1,,,
1.0,101325.0,790.0,0.4,AL,1,1,0.6974331784135784,-35924.52607338394,-30541.093656465928,0.5077554869943958,0.4922445130056043,LIQUID,,,
1.0,101325.0,790.0,0.4,AL,1,2,,-35924.52607338394,-30541.093656465928,,,,,,
1.0,101325.0,790.0,0.4,ZN,0,0,0.3025668215864216,-35924.52607338394,-43999.67468850748,0.18737131996374415,0.8126286800362559,FCC_A1,,,
1.0,101325.0,790.0,0.4,ZN,0,1,0.6974331784135784,-35924.52607338394,-43999.67468850748,0.4922445130056043,0.5077554869943958,LIQUID,,,
1.0,101325.0,790.0,0.4,ZN,0,2,,-35924.52607338394,-43999.67468850748,,,,,,
1.0,101325.0,790.0,0.4,ZN,1,0,0.3025668215864216,-35924.52607338394,-43999.67468850748,0.18737131996374415,0.18737131996374415,FCC_A1,,,
1.0,101325.0,790.0,0.4,ZN,1,1,0.6974331784135784,-35924.52607338394,-43999.67468850748,0.4922445130056043,0.4922445130056043,LIQUID,,,
1.0,101325.0,790.0,0.4,ZN,1,2,,-35924.52607338394,-43999.67468850748,,,,,,
1.0,101325.0,800.0,0.4,AL,0,0,0.1808027587634839,-36673.431796896344,-31050.17400509774,0.8286355616577151,0.8286355616577151,FCC_A1,,,
1.0,101325.0,800.0,0.4,AL,0,1,0.8191972412365162,-36673.431796896344,-31050.17400509774,0.5495384771598927,0.5495384771598927,LIQUID,,,
1.0,101325.0,800.0,0.4,AL,0,2,,-36673.431796896344,-31050.17400509774,,,,,,
1.0,101325.0,800.0,0.4,AL,1,0,0.1808027587634839,-36673.431796896344,-31050.17400509774,0.8286355616577151,0.17136443834228482,FCC_A1,,,
1.0,101325.0,800.0,0.4,AL,1,1,0.8191972412365162,-36673.431796896344,-31050.17400509774,0.5495384771598927,0.45046152284010743,LIQUID,,,
1.0,101325.0,800.0,0.4,AL,1,2,,-36673.431796896344,-31050.17400509774,,,,,,
1.0,101325.0,800.0,0.4,ZN,0,0,0.1808027587634839,-36673.431796896344,-45108.31845045769,0.17136443834228482,0.8286355616577151,FCC_A1,,,
1.0,101325.0,800.0,0.4,ZN,0,1,0.8191972412365162,-36673.431796896344,-45108.31845045769,0.45046152284010743,0.5495384771598927,LIQUID,,,
1.0,101325.0,800.0,0.4,ZN,0,2,,-36673.431796896344,-45108.31845045769,,,,,,
1.0,101325.0,800.0,0.4,ZN,1,0,0.1808027587634839,-36673.431796896344,-45108.31845045769,0.17136443834228482,0.17136443834228482,FCC_A1,,,
1.0,101325.0,800.0,0.4,ZN,1,1,0.8191972412365162,-36673.431796896344,-45108.31845045769,0.45046152284010743,0.45046152284010743,LIQUID,,,
1.0,101325.0,800.0,0.4,ZN,1,2,,-36673.431796896344,-45108.31845045769,,,,,,
1.0,101325.0,810.0,0.4,AL,0,0,0.03435628010921864,-37443.51820274441,-31559.275330291028,0.8439174196270698,0.8439174196270698,FCC_A1,,,
1.0,101325.0,810.0,0.4,AL,0,1,0.9656437198907815,-37443.51820274441,-31559.275330291028,0.5913217525049965,0.5913217525049965,LIQUID,,,
1.0,101325.0,810.0,0.4,AL,0,2,,-37443.51820274441,-31559.275330291028,,,,,,
1.0,101325.0,810.0,0.4,AL,1,0,0.03435628010921864,-37443.51820274441,-31559.275330291028,0.8439174196270698,0.15608258037293016,FCC_A1,,,
1.0,101325.0,810.0,0.4,AL,1,1,0.9656437198907815,-37443.51820274441,-31559.275330291028,0.5913217525049965,0.4086782474950034,LIQUID,,,
1.0,101325.0,810.0,0.4,AL,1,2,,-37443.51820274441,-31559.275330291028,,,,,,
1.0,101325.0,810.0,0.4,ZN,0,0,0.03435628010921864,-37443.51820274441,-46269.88222922474,0.15608258037293016,0.8439174196270698,FCC_A1,,,
1.0,101325.0,810.0,0.4,ZN,0,1,0.9656437198907815,-37443.51820274441,-46269.88222922474,0.4086782474950034,0.5913217525049965,LIQUID,,,
1.0,101325.0,810.0,0.4,ZN,0,2,,-37443.51820274441,-46269.88222922474,,,,,,
1.0,101325.0,810.0,0.4,ZN,1,0,0.03435628010921864,-37443.51820274441,-46269.88222922474,0.15608258037293016,0.15608258037293016,FCC_A1,,,
1.0,101325.0,810.0,0.4,ZN,1,1,0.9656437198907815,-37443.51820274441,-46269.88222922474,0.4086782474950034,0.4086782474950034,LIQUID,,,
1.0,101325.0,810.0,0.4,ZN,1,2,,-37443.51820274441,-46269.88222922474,,,,,,
1.0,101325.0,820.0,0.4,AL,0,0,1.0,-38231.20752007649,-32235.8626729662,0.6000000000000001,0.6,LIQUID,,,
1.0,101325.0,820.0,0.4,AL,0,1,,-38231.20752007649,-32235.8626729662,,,,,,
1.0,101325.0,820.0,0.4,AL,0,2,,-38231.20752007649,-32235.8626729662,,,,,,
1.0,101325.0,820.0,0.4,AL,1,0,1.0,-38231.20752007649,-32235.8626729662,0.6000000000000001,0.3999999999999999,LIQUID,,,
1.0,101325.0,820.0,0.4,AL,1,1,,-38231.20752007649,-32235.8626729662,,,,,,
1.0,101325.0,820.0,0.4,AL,1,2,,-38231.20752007649,-32235.8626729662,,,,,,
1.0,101325.0,820.0,0.4,ZN,0,0,1.0,-38231.20752007649,-47224.22479074191,0.4,0.6,LIQUID,,,
1.0,101325.0,820.0,0.4,ZN,0,1,,-38231.20752007649,-47224.22479074191,,,,,,
1.0,101325.0,820.0,0.4,ZN,0,2,,-38231.20752007649,-47224.22479074191,,,,,,
1.0,101325.0,820.0,0.4,ZN,1,0,1.0,-38231.20752007649,-47224.22479074191,0.4,0.3999999999999999,LIQUID,,,
1.0,101325.0,820.0,0.4,ZN,1,1,,-38231.20752007649,-47224.22479074191,,,,,,
1.0,101325.0,820.0,0.4,ZN,1,2,,-38231.20752007649,-47224.22479074191,,,,,,
1.0,101325.0,830.0,0.4,AL,0,0,1.0,-39023.10890667725,-32960.094681885865,0.6000000000000001,0.6,LIQUID,,,
1.0,101325.0,830.0,0.4,AL,0,1,,-39023.10890667725,-32960.094681885865,,,,,,
1.0,101325.0,830.0,0.4,AL,0,2,,-39023.10890667725,-32960.094681885865,,,,,,
1.0,101325.0,830.0,0.4,AL,1,0,1.0,-39023.10890667725,-32960.094681885865,0.6000000000000001,0.3999999999999999,LIQUID,,,
1.0,101325.0,830.0,0.4,AL,1,1,,-39023.10890667725,-32960.094681885865,,,,,,
1.0,101325.0,830.0,0.4,AL,1,2,,-39023.10890667725,-32960.094681885865,,,,,,
1.0,101325.0,830.0,0.4,ZN,0,0,1.0,-39023.10890667725,-48117.6302438643,0.4,0.6,LIQUID,,,
1.0,101325.0,830.0,0.4,ZN,0,1,,-39023.10890667725,-48117.6302438643,,,,,,
1.0,101325.0,830.0,0.4,ZN,0,2,,-39023.10890667725,-48117.6302438643,,,,,,
1.0,101325.0,830.0,0.4,ZN,1,0,1.0,-39023.10890667725,-48117.6302438643,0.4,0.3999999999999999,LIQUID,,,
1.0,101325.0,830.0,0.4,ZN,1,1,,-39023.10890667725,-48117.6302438643,,,,,,
1.0,101325.0,830.0,0.4,ZN,1,2,,-39023.10890667725,-48117.6302438643,,,,,,
1.0,101325.0,840.0,0.4,AL,0,0,1.0,-39818.71604436172,-33687.982406561714,0.6000000000000001,0.6,LIQUID,,,
1.0,101325.0,840.0,0.4,AL,0,1,,-39818.71604436172,-33687.982406561714,,,,,,
1.0,101325.0,840.0,0.4,AL,0,2,,-39818.71604436172,-33687.982406561714,,,,,,
1.0,101325.0,840.0,0.4,AL,1,0,1.0,-39818.71604436172,-33687.982406561714,0.6000000000000001,0.3999999999999999,LIQUID,,,
1.0,101325.0,840.0,0.4,AL,1,1,,-39818.71604436172,-33687.982406561714,,,,,,
1.0,101325.0,840.0,0.4,AL,1,2,,-39818.71604436172,-33687.982406561714,,,,,,
1.0,101325.0,840.0,0.4,ZN,0,0,1.0,-39818.71604436172,-49014.81650106171,0.4,0.6,LIQUID,,,
1.0,101325.0,840.0,0.4,ZN,0,1,,-39818.71604436172,-49014.81650106171,,,,,,
1.0,101325.0,840.0,0.4,ZN,0,2,,-39818.71604436172,-49014.81650106171,,,,,,
1.0,101325.0,840.0,0.4,ZN,1,0,1.0,-39818.71604436172,-49014.81650106171,0.4,0.3999999999999999,LIQUID,,,
1.0,101325.0,840.0,0.4,ZN,1,1,,-39818.71604436172,-49014.81650106171,,,,,,
1.0,101325.0,840.0,0.4,ZN,1,2,,-39818.71604436172,-49014.81650106171,,,,,,
1.0,101325.0,850.0,0.4,AL,0,0,1.0,-40617.99415696501,-34419.49789376148,0.6000000000000001,0.6,LIQUID,,,
1.0,101325.0,850.0,0.4,AL,0,1,,-40617.99415696501,-34419.49789376148,,,,,,
1.0,101325.0,850.0,0.4,AL,0,2,,-40617.99415696501,-34419.49789376148,,,,,,
1.0,101325.0,850.0,0.4,AL,1,0,1.0,-40617.99415696501,-34419.49789376148,0.6000000000000001,0.3999999999999999,LIQUID,,,
1.0,101325.0,850.0,0.4,AL,1,1,,-40617.99415696501,-34419.49789376148,,,,,,
1.0,101325.0,850.0,0.4,AL,1,2,,-40617.99415696501,-34419.49789376148,,,,,,
1.0,101325.0,850.0,0.4,ZN,0,0,1.0,-40617.99415696501,-49915.7385517703,0.4,0.6,LIQUID,,,
1.0,101325.0,850.0,0.4,ZN,0,1,,-40617.99415696501,-49915.7385517703,,,,,,
1.0,101325.0,850.0,0.4,ZN,0,2,,-40617.99415696501,-49915.7385517703,,,,,,
1.0,101325.0,850.0,0.4,ZN,1,0,1.0,-40617.99415696501,-49915.7385517703,0.4,0.3999999999999999,LIQUID,,,
1.0,101325.0,850.0,0.4,ZN,1,1,,-40617.99415696501,-49915.7385517703,,,,,,
1.0,101325.0,850.0,0.4,ZN,1,2,,-40617.99415696501,-49915.7385517703,,,,,,
1.0,101325.0,860.0,0.4,AL,0,0,1.0,-41420.9094105822,-35154.61405468137,0.6000000000000001,0.6,LIQUID,,,
1.0,101325.0,860.0,0.4,AL,0,1,,-41420.9094105822,-35154.61405468137,,,,,,
1.0,101325.0,860.0,0.4,AL,0,2,,-41420.9094105822,-35154.61405468137,,,,,,
1.0,101325.0,860.0,0.4,AL,1,0,1.0,-41420.9094105822,-35154.61405468137,0.6000000000000001,0.3999999999999999,LIQUID,,,
1.0,101325.0,860.0,0.4,AL,1,1,,-41420.9094105822,-35154.61405468137,,,,,,
1.0,101325.0,860.0,0.4,AL,1,2,,-41420.9094105822,-35154.61405468137,,,,,,
1.0,101325.0,860.0,0.4,ZN,0,0,1.0,-41420.9094105822,-50820.35244443343,0.4,0.6,LIQUID,,,
1.0,101325.0,860.0,0.4,ZN,0,1,,-41420.9094105822,-50820.35244443343,,,,,,
1.0,101325.0,860.0,0.4,ZN,0,2,,-41420.9094105822,-50820.35244443343,,,,,,
1.0,101325.0,860.0,0.4,ZN,1,0,1.0,-41420.9094105822,-50820.35244443343,0.4,0.3999999999999999,LIQUID,,,
1.0,101325.0,860.0,0.4,ZN,1,1,,-41420.9094105822,-50820.35244443343,,,,,,
1.0,101325.0,860.0,0.4,ZN,1,2,,-41420.9094105822,-50820.35244443343,,,,,,
1.0,101325.0,870.0,0.4,AL,0,0,1.0,-42227.42886443081,-35893.30460766873,0.6000000000000001,0.6,LIQUID,,,
1.0,101325.0,870.0,0.4,AL,0,1,,-42227.42886443081,-35893.30460766873,,,,,,
1.0,101325.0,870.0,0.4,AL,0,2,,-42227.42886443081,-35893.30460766873,,,,,,
1.0,101325.0,870.0,0.4,AL,1,0,1.0,-42227.42886443081,-35893.30460766873,0.6000000000000001,0.3999999999999999,LIQUID,,,
1.0,101325.0,870.0,0.4,AL,1,1,,-42227.42886443081,-35893.30460766873,,,,,,
1.0,101325.0,870.0,0.4,AL,1,2,,-42227.42886443081,-35893.30460766873,,,,,,
1.0,101325.0,870.0,0.4,ZN,0,0,1.0,-42227.42886443081,-51728.615249573915,0.4,0.6,LIQUID,,,
1.0,101325.0,870.0,0.4,ZN,0,1,,-42227.42886443081,-51728.615249573915,,,,,,
1.0,101325.0,870.0,0.4,ZN,0,2,,-42227.42886443081,-51728.615249573915,,,,,,
1.0,101325.0,870.0,0.4,ZN,1,0,1.0,-42227.42886443081,-51728.615249573915,0.4,0.3999999999999999,LIQUID,,,
1.0,101325.0,870.0,0.4,ZN,1,1,,-42227.42886443081,-51728.615249573915,,,,,,
1.0,101325.0,870.0,0.4,ZN,1,2,,-42227.42886443081,-51728.615249573915,,,,,,
1.0,101325.0,880.0,0.4,AL,0,0,1.0,-43037.520423341375,-36635.5440225272,0.6000000000000001,0.6,LIQUID,,,
1.0,101325.0,880.0,0.4,AL,0,1,,-43037.520423341375,-36635.5440225272,,,,,,
1.0,101325.0,880.0,0.4,AL,0,2,,-43037.520423341375,-36635.5440225272,,,,,,
1.0,101325.0,880.0,0.4,AL,1,0,1.0,-43037.520423341375,-36635.5440225272,0.6000000000000001,0.3999999999999999,LIQUID,,,
1.0,101325.0,880.0,0.4,AL,1,1,,-43037.520423341375,-36635.5440225272,,,,,,
1.0,101325.0,880.0,0.4,AL,1,2,,-43037.520423341375,-36635.5440225272,,,,,,
1.0,101325.0,880.0,0.4,ZN,0,0,1.0,-43037.520423341375,-52640.485024562615,0.4,0.6,LIQUID,,,
1.0,101325.0,880.0,0.4,ZN,0,1,,-43037.520423341375,-52640.485024562615,,,,,,
1.0,101325.0,880.0,0.4,ZN,0,2,,-43037.520423341375,-52640.485024562615,,,,,,
1.0,101325.0,880.0,0.4,ZN,1,0,1.0,-43037.520423341375,-52640.485024562615,0.4,0.3999999999999999,LIQUID,,,
1.0,101325.0,880.0,0.4,ZN,1,1,,-43037.520423341375,-52640.485024562615,,,,,,
1.0,101325.0,880.0,0.4,ZN,1,2,,-43037.520423341375,-52640.485024562615,,,,,,
1.0,101325.0,890.0,0.4,AL,0,0,1.0,-43851.15279177098,-37381.30746629433,0.6000000000000001,0.6,LIQUID,,,
1.0,101325.0,890.0,0.4,AL,0,1,,-43851.15279177098,-37381.30746629433,,,,,,
1.0,101325.0,890.0,0.4,AL,0,2,,-43851.15279177098,-37381.30746629433,,,,,,
1.0,101325.0,890.0,0.4,AL,1,0,1.0,-43851.15279177098,-37381.30746629433,0.6000000000000001,0.3999999999999999,LIQUID,,,
1.0,101325.0,890.0,0.4,AL,1,1,,-43851.15279177098,-37381.30746629433,,,,,,
1.0,101325.0,890.0,0.4,AL,1,2,,-43851.15279177098,-37381.30746629433,,,,,,
1.0,101325.0,890.0,0.4,ZN,0,0,1.0,-43851.15279177098,-53555.92077998594,0.4,0.6,LIQUID,,,
1.0,101325.0,890.0,0.4,ZN,0,1,,-43851.15279177098,-53555.92077998594,,,,,,
1.0,101325.0,890.0,0.4,ZN,0,2,,-43851.15279177098,-53555.92077998594,,,,,,
1.0,101325.0,890.0,0.4,ZN,1,0,1.0,-43851.15279177098,-53555.92077998594,0.4,0.3999999999999999,LIQUID,,,
1.0,101325.0,890.0,0.4,ZN,1,1,,-43851.15279177098,-53555.92077998594,,,,,,
1.0,101325.0,890.0,0.4,ZN,1,2,,-43851.15279177098,-53555.92077998594,,,,,,
